channel_id,title,description,subs,video_count,view_count,uploads_playlist,avg_recent_views,engagement_rate,score
UCn5o0I-SH3bkWgzFrLuya1Q,svsembedded,"svsembedded provides 100% output guaranteed Real Time projects for final year engineering students in various categories 

We are providing final year projects kits and training for engineering students.
ECE, EEE, CSE, IT, EIE Engineering Projects,
Final year Projects,
Latest IEEE Projects,
Mini Projects,
School Projects,
Science Working Models,
Hardware Projects,
Electronics Circuit Ideas,Tutorials,

Our area of specialization includes: 
Embedded Systems Projects,
Robotics Projects,
Instrumentation Projects,
Wireless Projects,
Electrical, Electronics and Automation,
Microcontroller Projects for electronics students and hobbyists.

We can do any custom project ideas and real time product development.
Fully working Hardware and Software with guaranteed output.

Email:  svsembedded@gmail.com
Website1: www.svsembedded.com
Website2: www.svskits.in
Whats App1: +91 9491535690
Whats App2: +91 7842358459
Blog: http://www.svskit.com/

Subscribe my channel to get notified for my videos.",75000,1730,13911455,UUn5o0I-SH3bkWgzFrLuya1Q,759.6,0.0167,37.971
UCIQ3WB1GOW3tDRuzIGp4xRA,Artful Bytes,Videos about embedded systems.,31700,32,968495,UUIQ3WB1GOW3tDRuzIGp4xRA,51297.1,0.0551,36.919
UCfKxBj7XEh7Bcs-r3n7IGVw,Simple Tutorials for Embedded Systems,"Welcome to Simple Tutorials for Embedded Systems YouTube Channel! 

Unfortunately I do not post new content on this channel anymore. I have moved away from tutorial and conceptual type of FPGA videos (If I do decide to make any content like this, I will continue posting). I want to have fun while creating my content and I'd like yo have fun watching them! Thus, I now create Software Engineering videos instead that are more aimed towards being entertaining and hopefully somewhat educational! Thank you for your support!  You can see my new channel here: https://www.youtube.com/c/GreidiAjalik 
",32400,20,1688367,UUfKxBj7XEh7Bcs-r3n7IGVw,45875.7,0.0168,34.718
UCMGXFEew8I6gzjg3tWen4Gw,"Quantum Leaps, LLC","Modern embedded systems programming

Here, you can find the ""missing curriculum"" of real-time embedded programming. This channel's unique presentation style explains the main concepts by showing how they work at a low level.

If you would like to support this channel, you can do the following:
- Subscribe to the channel
- Click the like button on the videos you like
- Spread the word (e.g., by posting about the videos on other websites frequented by embedded folks)
",66900,82,3795152,UUMGXFEew8I6gzjg3tWen4Gw,2021.7,0.033,34.589
UCFJibhZ9FOjbsZIr6AxR0AQ,Learn Embedded Systems,"This channel is dedicated to teaching you the basics of embedded systems through coding tutorials and electronics prototyping guides. We cover basic to advanced programming tutorials and other topics such as PCB design and manufacture, so that you can make the best projects possible!

We show you how to program a variety of microcontrollers such as Arduinos, STM32s and Raspberry Pi Picos. All in multiple programming languages such as C/C++ and MicroPython. We also cover how to do basic soldering techniques such as adding header pins to your components.

This channel is an educational channel aimed at electronics beginners and enthusiasts who's thoughts and input is welcomed in the comments! Please let us know if you have any feedback or suggests - we would really love to hear it!

For business enquiries please use the email below.


",39700,62,2248489,UUFJibhZ9FOjbsZIr6AxR0AQ,32554.9,0.0212,33.084
UCa1REBV9hyrzGp2mjJCagBg,Fastbit Embedded Brain Academy,"This Channel brings you Online video courses on Micro-controller and Embedded system Programming.
Visit our udemy profile for full courses on MCU programming 
https://www.udemy.com/user/kiran-nayak-2/
FastBit EBA is online training wing of Bharati software
www.fastbitlab.com",42900,177,3084543,UUa1REBV9hyrzGp2mjJCagBg,2771.8,0.0252,22.811
UCY0sQ9hpSR6yZobt1qOv6DA,Embedded Systems and Deep Learning,"This video channel includes two parts: 
(1) Embedded system programming. It includes tutorials for the book Embedded Systems with ARM Cortex-M Microcontrollers in Assembly Language and C  (Forth Edition), Author: Yfieng Zhu, ISBN-13: 978-0982692677. 
(2) Deep learning. It includes paper reviews and tutorials for modern deep-learning models.
",41700,62,2252570,UUY0sQ9hpSR6yZobt1qOv6DA,2126.3,0.0171,21.872
UC5Rg0IiTHhtd8qs-DNBZBDQ,ÿÆÿßŸÑÿØ ŸÖÿ¨ÿØŸâ,"ŸÇŸÜÿßÿ© ÿπŸÑŸÖŸäÿ© ÿ™ÿ≥ÿπŸâ ŸÑÿßÿ´ÿ±ÿßÿ° ÿßŸÑŸÖÿ≠ÿ™ŸàŸâ ÿßŸÑÿπÿ±ÿ®Ÿâ Ÿà ÿ™ŸàŸÅŸäÿ± ŸÖŸàÿßÿØ ÿπŸÑŸÖŸäÿ© Ÿà ÿ™ÿπŸÑŸäŸÖŸäÿ© ŸÖÿ¨ÿßŸÜŸäÿ© ŸÅŸâ ŸÖÿ¨ÿßŸÑ ŸáŸÜÿØÿ≥ÿ© ÿßŸÑŸÉŸÖÿ®ŸäŸàÿ™ÿ± Ÿà ÿ®ÿ±ŸÖÿ¨ÿ© ÿßŸÑÿ£ŸÜÿ∏ŸÖÿ© ÿßŸÑŸÖÿØŸÖÿ¨ÿ© Ÿà ÿßŸÑÿ™ÿ≠ŸÉŸÖ Ÿà ÿßŸÑÿßŸÑŸÉÿ™ÿ±ŸàŸÜŸäÿßÿ™.

An educational channel publishing technical content in Arabic. Dedicated to embedded systems and computer engineering as well as electronic circuits and programming.
There is a lot of free tutorials here!

Be Sure To Subscribe, So You Don't Miss Any New Video
Visit The Website @ DeepBlueMbedded.com

",22300,137,1197854,UU5Rg0IiTHhtd8qs-DNBZBDQ,3135.9,0.0464,12.868
UCUALngsCfjoLGLvA_WHaQUg,Protos Software GmbH,"PROTOS is specialized on the development of domainspecific modeling tools for Embedded Systems. 
This channel contains Tutorials und Screencasts about the Eclipse eTrice modeling tool and our miniHIL Hardware in the Loop test system.",101,17,254652,UUUALngsCfjoLGLvA_WHaQUg,25262.4,0.0002,10.158
UC6Z9_Yj3-ZfzJ_-TXdgcGVA,Linux For Embedded Systems,,13200,62,402297,UU6Z9_Yj3-ZfzJ_-TXdgcGVA,2654.6,0.0163,7.825
UCm5WHqEC9e-QmrrtoXEUQrw,Embedded Systems - Bolla,"Online Embedded Systems Course:
Learn Embedded Systems (Complete Course) from Basic to Advanced with practical exposure..

Topics : 8/16/32 bit Microcontrollers, Memories(RAM, EEPROM, Flash) GPIO, ADC, PWM, Timers/Counters, UART, I2C, SPI, CAN protocol, CANTP, UDS, Autosar, Device Drivers... etc
Basic Electronics, Digital Electronics, C language, Embedded Projects, Embedded Interview questions...etc

Tools : Keil, Proteus,  AVR studio, Code composer studio, CANOE, DaVinci Configurator(Vector)...etc
Interested persons Please Subscribe to this channel..

Email:  ravikiran.bolla15@outlook.com",5490,37,248530,UUm5WHqEC9e-QmrrtoXEUQrw,11153.5,0.0141,7.347
UC63nrs6ym5VGZmCW8d7pzyw,Etalvis Learning,"Complete Basic Embedded Systems Programming course from Scratch.
",11800,96,114167,UU63nrs6ym5VGZmCW8d7pzyw,1659.8,0.0323,6.887
UCMaskSJiCICHOkGB-vR7_xw,Embedded Computing Design,"Embedded Computing Design is a trusted partner for design and development information for the embedded community. Our content team communicates with the engineering community daily, through content channels that include blogs, design articles, podcasts, videos, news, and product information. Topic/application areas include industrial, IoT, automotive, AI/ML, security, automotive, medical/healthcare, consumer mass market, communications, and analog/power.
",12900,1363,1004952,UUMaskSJiCICHOkGB-vR7_xw,760.5,0.003,6.784
UCGcJFOaoRVAD6RsXWkZ0ehQ,Emertxe - India's No.1 Ed-Tech in Embedded & IoT ,"@EmertxeTrainings is No.1 Ed-Tech in Embedded Systems & Internet of Things(IoT) in India. We offer trainings & career options in Embedded Systems, and IoT catering to fresh engineers, working professionals & corporate organizations. 

Our mentor ecosystem consists of industry veterans who are passionate about education. With state-of-the-art infrastructure backed by best-in-class training methods, @EmertxeTrainings  is making individuals to Dream Big, Be bold and scale new horizons.",12100,860,1735474,UUGcJFOaoRVAD6RsXWkZ0ehQ,137.9,0.029,6.395
UC0cX6PRbGMbZhDm8NTBCCKQ,"Everything Embedded - Arduino UNO, ESP32, Pi Pico","Useful and authentic projects based on ESP32 simulators, Arduino simulators, Raspberry Pi Pico simulators, and more. Helpful information for hobbyists covering Arduino simulators, Pi Pico Simulators, Arduino UNO, Mega, nano, and other peripherals.

Something about Everything embedded 



",1200,49,241996,UU0cX6PRbGMbZhDm8NTBCCKQ,13567.3,0.0097,6.124
UC6BsXpBj6j7J2K_p6dvWNmg,Embedded Systems,,45,1,9357,UU6BsXpBj6j7J2K_p6dvWNmg,9357.0,0.0077,3.842
UChgcmnJlfH9pGOFIeB8szXw,FL Embedded,"FL Embedded is for anyone interested in understanding & learning  Embedded Systems and Electronics.
We will be making videos about : 

          # Concept & Tutorials;
          # Latest Tech & Electronics News & Product Reviews;
          # Embedded System Engineering;
          # Embedded & Electronics Projetcs; 

Welcome to FL Embedded Channel; 

For more content be sure to subscribe ;) 

Follow us on Facebook, Instagram & Linkedin; 

",1480,9,62480,UUhgcmnJlfH9pGOFIeB8szXw,6942.33,0.0252,3.769
UCa3h-nUptGnIJvP9-XPgZBA,Embedded System,"I'm a Creative Entrepreneur, Public Speaker and Author. Educating and Motivating Creative People and Standing Up for The Future of Creativity. This community is about Embedded Systems and to give The Awareness On Micro controllers and Micro Processors for Real time Applications.",12,3,133,UUa3h-nUptGnIJvP9-XPgZBA,44.33,0.3609,3.633
UCUtw4Px53fdyg3Rf5GF4j9A,Learn embedded systems with George,,1340,27,123726,UUUtw4Px53fdyg3Rf5GF4j9A,5664.2,0.0142,3.078
UCdsExnJKTph8Mje60CYJjmA,Embedded Systems Tutorials,"Your ultimate guide to mastering embedded systems and acing interviews!

üîπ Learn core concepts
üîπ Get interview-ready
üîπ Become an industry-ready professional

üìß For queries, email embeddedsystemstutorials@gmail.com
üîî Subscribe for fresh updates and exclusive content!

I share key interview topics with concise synopses, empowering you to research and explore further. Backed by 18+ years in embedded systems development and interviews, I‚Äôve curated 90% of potential questions across:
	‚Ä¢	Automotive systems
	‚Ä¢	Embedded C
	‚Ä¢	RTOS
	‚Ä¢	Bare metal programming
	‚Ä¢	IoT
	‚Ä¢	Communication protocols

Let‚Äôs fast-track your career in embedded systems!",4500,373,494738,UUdsExnJKTph8Mje60CYJjmA,766.8,0.0266,2.823
UCpgv22uCjTXi3Ixc0Qk_oUA,5 Voltz,"5Voltz is a team of young and bold enthusiastic engineers conducting workshops and providing training in various technologies like Embedded Systems, IOT (Internet Of Things), AI (Artificial Intelligence),ML (Machine Learning), Data Science, Robotics , Home Automation and many other advance and latest technologies.

Please Subscribe & Share With Your Friends.",2880,69,264017,UUpgv22uCjTXi3Ixc0Qk_oUA,1392.1,0.0288,2.285
UCSqI6fjoYVyhwZuSzT28Q9A,Vooi Yap - Embedded Systems Education,"Hello and welcome to my channel. My name is Vooi. I am a retired lecturer and my specialization is embedded systems. I am making a series of videos that are designed to help you understand embedded systems. The plan is, for a start, is to make a series of videos focusing on some fundamental knowledge. It is my hope these videos would lay a good foundation to understanding future videos related to embedded systems, especially, microcontrollers which are a key component of any embedded system. If you are interested in learning about embedded systems stay tuned to this channel.",3250,107,269880,UUSqI6fjoYVyhwZuSzT28Q9A,344.7,0.0487,2.25
UCJQtp6rJzn12B18k_ANX4og,Embedded Systems,,2,21,137,UUJQtp6rJzn12B18k_ANX4og,7.6,0.1974,1.978
UCvLDfJj8X71V85mDAj7vDnw,Dr S K,"Embedded System Design
Microprocessors and Microcontrollers",212,27,50732,UUvLDfJj8X71V85mDAj7vDnw,4254.5,0.0117,1.924
UCPiTwVK9TiBXo7u8XBtiVlg,Embedded Systems & Robotics Research Group,,967,38,47958,UUPiTwVK9TiBXo7u8XBtiVlg,3089.1,0.0137,1.856
UCx_HR8zntXPAVxfJGL5E5RQ,Exploring Embedded Systems,This channel is for people how are curious to learn and understand how embedded systems are designed and build. All the concepts will be explained from designers point of view rather than academic point of view. ,722,34,59536,UUx_HR8zntXPAVxfJGL5E5RQ,3361.4,0.0136,1.842
UC-MqpDegpMS85Gp932cNm5A,BuddyKit,"üöÄ Welcome to BuddyKit! ü¶âüîß

At BuddyKit, we make learning Embedded Systems simple, fun, and accessible for everyone! Whether you're a student, hobbyist, or aspiring engineer, our goal is to help you Learn, Build, and Innovate with 8051, ARM, and other microcontrollers.

What You‚Äôll Find Here:
‚úÖ Step-by-step tutorials on embedded systems & microcontrollers
‚úÖ Hands-on projects & practical demonstrations
‚úÖ Bootloader & programming guides for easy development
‚úÖ Tips, tricks, and troubleshooting for beginners
‚úÖ In-depth explanations of electronics & circuit design

Join us on this journey to master embedded systems the easy way! Don't forget to Subscribe and turn on the üîî notifications to stay updated with our latest videos.

üëâ Let‚Äôs Learn, Build, and Innovate together!

#BuddyKit #EmbeddedSystems #Microcontrollers #LearnBuildInnovate
",1640,12,9494,UU-MqpDegpMS85Gp932cNm5A,893.4,0.0634,1.811
UCVzzCD9nzj8sL4q1pXR3YHQ,ESI - Embedded Systems Innovation,,415,9,27715,UUVzzCD9nzj8sL4q1pXR3YHQ,3079.78,0.011,1.549
UC3FeRQhTb2rNk_C8aTiqxwA,Know about Embedded Systems,"Welcome to our Embedded Systems Education Channel, 
where we simplify complex concepts and provide hands-on tutorials to enhance your understanding of Embedded Systems. Whether you're a beginner or an experienced engineer, our concise videos cover essential topics, practical and the latest industry trends. 

Not only Embedded Systems, we will Explore the contents on Automotive Domain 
Such as ECU Design, CAN, LIN Including Hands on which will create Job opportunities for our Embedded Engineers.

Even on Knowledge on Real Time Operating System (RTOS) will create more job opportunities in the Embedded world
we will explore contents on RTOS with Programming, which will be an aided skillset for our young Embedded Engineers.

If you want to Learn Embedded System, Automotive System, and RTOS kindly join with us, put hand in hand, we will learn and grow together.

Watch all the videos, like and share and Subscribe now to unlock your potential and stay updated on all things embedded.....!!!!",91,43,3311,UU3FeRQhTb2rNk_C8aTiqxwA,60.1,0.1314,1.384
UCzrfXUo96pIXy4OMdnOXuMQ,Embedded Systems,"Welcome to Embedded System your go-to destination for everything related to Embedded Systems! Whether you're a beginner, intermediate, or advanced developer, this channel provides in-depth tutorials, project walkthroughs, and hands-on guides to help you master the world of embedded technology.",105,18,1576,UUzrfXUo96pIXy4OMdnOXuMQ,79.3,0.1185,1.27
UCyb3C2DlzxXe4aMcOMXeA5Q,Embedded Systems Boot Camp,This Channel teaches embedded systems that even non-engineering students can even understand.,4,2,32,UUyb3C2DlzxXe4aMcOMXeA5Q,16.0,0.125,1.258
UCTTXgzR2IeJsOFa8QabSDOQ,BTC Embedded Systems,"We provide intelligent and automated test solutions which enable our customers in the automotive industry to deal with the growing complexity of embedded software while achieving high quality in compliance with the ISO 26262 standard. Founded in 1999, we today have more than 200 employees and maintain offices in Oldenburg, Berlin, Paris, Detroit, Tokyo, Shanghai and Timisoara.

Within a highly integrated platform concept, standard use cases like Requirements-based Testing or Back-to-Back Testing are combined with innovative and powerful technologies like model checking, automatic test generation and formal methods.

Learn more about the main features of our toolchain in these short videos.

For more information, please visit www.btc-embedded.com





Imprint: www.btc-embedded.com/imprint/",1740,90,79618,UUTTXgzR2IeJsOFa8QabSDOQ,78.1,0.0346,1.247
UCAk3i_XTihlAF-UzOAAatbA,cyphysystems,"This channel contains videos recorded during lectures given by Peter Marwedel and Michael Engel following the book ""Embedded System Design: Embedded System Foundations of Cyber-Physical Systems"" by Peter Marwedel. Recording took place at TU Dortmund, Germany

Good news (2021): the companion textbook is available to everyone FOR FREE on the Internet. Thanks to my sponsor ICD e.V., the textbook will be available under an open access license by the end of 2020 (see https://www.springer.com/de/book/9783030609092.). Many months of work went into updating the textbook.

Now (Feb. 2016) with playlists!

",1200,49,130516,UUAk3i_XTihlAF-UzOAAatbA,1358.3,0.0088,1.232
UCSW8aC7BRJPHpcV2TUgr-Mw,SVG ROBOTICS & EMBEDDED SYSTEMS ,"Welcome to SVG Robotics & Embedded Systems!
üîî Subscribe now to SVG Robotics ‚Äì your destination for real-time Arduino, IoT & Embedded Projects in Telugu!
üëâ Learn | Build | Innovate with 100% Output Guaranteed Final Year Projects.

üéØ Your one-stop destination for 100% output-guaranteed final year engineering projects, real-time DIYs, and embedded innovations.

üöÄ I'm V GANESH, Founder of SVG Robotics. We specialize in designing and developing hardware-based projects for engineering students across streams like B. Tech (ECE, EEE, CSE, IT, EIE), M. Tech, Ph. D and Diploma.

üéØ What We Offer:
Final Year Project Kits with Training
Mini Projects & IEEE Projects
School Projects & Science Models
Real-Time Product Development
Custom IoT & Automation Solutions

üëâ Don‚Äôt just watch, innovate with us!
Hit Subscribe and become a part of the SVG Robotics community today!
üì∫ @SVGRobotics

üìû Contact for Custom Projects & Kits
üìß svgrobotics@gmail.com
üì± +91 83090 93506

Let‚Äôs build the future together! üíªüîß‚öôÔ∏è
",565,30,12406,UUSW8aC7BRJPHpcV2TUgr-Mw,700.2,0.0663,1.225
UCe8uyqN8sO_P5-_6DSNM_Hw,Embedded Systems,"Digital Design 
Arm Cortex M3 Embedded Systems ",895,68,152677,UUe8uyqN8sO_P5-_6DSNM_Hw,1058.0,0.0082,0.953
UC6Jh-nBN9eiaJnI5FNwmI8w,APS Embedded Systems,,413,18,60184,UU6Jh-nBN9eiaJnI5FNwmI8w,1700.6,0.0056,0.943
UCy8bWxr0nH1TUy1_EioQgWg,embedded systems,,507,56,20455,UUy8bWxr0nH1TUy1_EioQgWg,340.3,0.0535,0.924
UCmRqr2a-D6zHtMm0lXqKnuw,Embedded Systems,,3,2,206,UUmRqr2a-D6zHtMm0lXqKnuw,103.0,0.0874,0.916
UCgBKiDYW3YM87zavku64pNg,Aarohi Embedded Systems Pvt. Ltd.,"With the advent of technology, we, Aarohi Embedded System PVT.LTD, have come up with a technically advanced range of industrial products. Our product range encompasses Digital Panel Meter, Pump Testing Equipment, and many more. The range of products offered by us made using high grade raw materials such as electronic component, Ptfe, and SS & MS Sheets that add to the durability and strength of the finished structure. Team of experts have used highly advance technique and technology to bring forth this range of products in various grades and specifications. Also, our products exhibit features such as sophisticated design, easy installation, durability, outstanding performance, and low maintenance requirements.
visit us today to know more
aarohies.com",602,54,37327,UUgBKiDYW3YM87zavku64pNg,456.3,0.0427,0.911
UCHOtgDaFH6KmETWbxHQe5oA,Embedded Systems Predators - Ali Shawky ,This channel aims to establish the Embedded Systems knowledge from the Academic prospective to the Industrial application for each topic,136,2,321,UUHOtgDaFH6KmETWbxHQe5oA,160.5,0.0779,0.911
UCTIPhnrm3M2LNrMglNXXkCg,Robotics and Embedded Systems,"Robotics and Embedded Systems, Department of Informatics, Technische Universtit√§t M√ºnchen, Munich, Germany",765,45,87457,UUTIPhnrm3M2LNrMglNXXkCg,1228.6,0.0029,0.903
UC_nYOln9K98ppDL51TyPyew,Embedded Systems,,100,11,17386,UU_nYOln9K98ppDL51TyPyew,1699.3,0.0108,0.837
UC6yuCh5N4PZNnQHMwgWyT_w,Embedded Systems Week (ESWEEK),"Embedded Systems Week (ESWEEK) is the premier event covering all aspects of hardware and software design for intelligent and connected computing systems. By bringing together three leading conferences (CASES, CODES+ISSS, EMSOFT), a symposium (NOCS) and several workshops and tutorials, ESWEEK allows attendees to benefit from a wide range of topics covering the state of the art in embedded systems research and development.",1270,257,64462,UU6yuCh5N4PZNnQHMwgWyT_w,163.2,0.0135,0.835
UCRaAhbyXOuGJeQWES3gTk8Q,Embedded Systems,"An embedded system is a computer system‚Äîa combination of a computer processor, computer memory, and input/output peripheral devices‚Äîthat has a dedicated function within a larger mechanical or electrical system. This channel deals with the basic concepts of embedded systems ",202,41,26974,UURaAhbyXOuGJeQWES3gTk8Q,1438.2,0.0136,0.812
UChkayQwiHJuf3nqMikhxAlw,Computer Vision and Embedded Systems,,465,34,67509,UUhkayQwiHJuf3nqMikhxAlw,895.8,0.0141,0.731
UCexg94jW8vXfwofTjJWPEQw,Embedded Systems,,3,3,59,UUexg94jW8vXfwofTjJWPEQw,19.67,0.0678,0.687
UCfkH5Eir2XQVghvhnSdFKDg,Free Embedded Tutorials,"Learn about embedded systems, characteristic  and IPR and examples.
1. Introduction to Embedded Systems - https://youtu.be/XT85o60C8tA
2. Design Challenges Faced - https://youtu.be/3Hd_rBeZqSg
3. Embedded System Components - https://youtu.be/Vlyg1URzaro
4. Embedded System Hardware part.1 - https://youtu.be/ztx0Ku7_KxY
5. Embedded System Hardware part.2 - https://youtu.be/_lU6gqfWW0A
6. Memory - https://youtu.be/HZ-j0OcByKo
7. Peripherals - https://youtu.be/qq7WA_lAwqM
8. Embedded Software Development Tools - https://youtu.be/_vhrwPvAANw
9. Embedded System Development Life Cycle - https://youtu.be/vd9ykB7fdmI
10. Digital Input - Switch - https://youtu.be/CZ_46v1z0NY
11. Digital Output - Led - https://youtu.be/hx7htWICqfw",122,11,12428,UUfkH5Eir2XQVghvhnSdFKDg,1151.7,0.01,0.622
UCSh_FuXv6uu5hIkaBzbUDGw,SYSGO - Embedding Innovations,"SYSGO is the leading European operating system manufacturer and supports customers in the formal certification of software according to international standards for functional security and IT security in markets such as Aerospace & Defense, Industrial Automation, Automotive, Railways and Medical technology and network infrastructure. We are part of the European Thales Group.
SYSGO has been providing operating systems and services for embedded systems since 1991 and is the pioneer in the use of Linux in the embedded market with ELinOS. For security critical applications, the company has been supplying the hypervisor PikeOS since 2005, the world's first SIL 4 certified operating system for multi-core processors and the foundation for intelligent devices on the Internet of things. 


‚û°Ô∏è https://www.sysgo.com/pikeos
‚û°Ô∏è https://www.sysgo.com/elinos

More SYSGO Platforms
‚û°Ô∏è https://www.sysgo.com/news


HEADQUARTERS
SYSGO GmbH
Am Pfaffenstein 8
55270 Klein-Winternheim
Germany",456,100,48913,UUSh_FuXv6uu5hIkaBzbUDGw,53.3,0.0356,0.606
UCgIKPoVw7s00LIofhNQIxVA,Embedded systems,,0,1,634,UUgIKPoVw7s00LIofhNQIxVA,635.0,0.0331,0.585
UCc5qchx5tR9KZT1gmM4MoFw,SDK Embedded Systems Ltd.,"Rugged solutions for Military, Defense, Naval, Industrial, Oil & Gas industry, Energy, Marine applications.",11,2,2352,UUc5qchx5tR9KZT1gmM4MoFw,1176.0,0.0102,0.578
UC7abgbjcLEWU8iImSDCfqTw,Military Embedded Systems,"Military Embedded Systems focuses on embedded electronics ‚Äì hardware and software ‚Äì for military applications through technical coverage of all parts of the design process. The website, resource guide, newsletters, and print editions provide insight on embedded tools and strategies such as software, hardware, systems, technology insertion, obsolescence management, and many other military-specific technical subjects.
Coverage includes the latest innovative products, technology, and market trends driving military embedded applications such as artificial intelligence/machine learning, radar, sonar, unmanned system payloads, signals intelligence, electronic warfare, C4ISR, avionics, imaging, and more. Each issue provides readers with the information they need to stay connected to the pulse of embedded technology in the military and aerospace industries",305,93,76693,UU7abgbjcLEWU8iImSDCfqTw,927.2,0.0049,0.572
UCv1O3Z_G4RyFSE7z8-tW9vA,Technoscripts Embedded,"""Empower your career with Technoscripts Embedded, Pune's premier training institute for advanced embedded systems courses are providing one of the best embedded systems Course training in Pune for advance embedded & IOT courses. We are the pioneer of the embedded system training in Pune & Pcmc with the expertise of over 17 years. Since 2006, we've been shaping industry-ready professionals through our job-oriented programs, guided by experienced trainers and hands-on projects. We are providing job oriented embedded system course in Pune with placement. We are well known embedded institute for quality training & Placement in embedded system. The embedded & IOT courses provided by us are designed as per industry requirements.""
",303,59,30165,UUv1O3Z_G4RyFSE7z8-tW9vA,732.6,0.0102,0.547
UCRQbdFCHVSa5nTKGCySuHGg,HEIA-FR ISC Embedded Systems,,214,21,9927,UURQbdFCHVSa5nTKGCySuHGg,671.7,0.0147,0.523
UCji3dMoIuZrEzT2o3bhQUPw,Embedded systems,,13,3,2782,UUji3dMoIuZrEzT2o3bhQUPw,927.67,0.0129,0.507
UCtREEjP7aI-w39ejDJzv1sw,Tekfocus Embedded Systems,,10,3,2166,UUtREEjP7aI-w39ejDJzv1sw,722.0,0.0194,0.488
UC35qImaVmQaNtAOOhfG5ODg,Embedded Systems Lab,,8,1,263,UU35qImaVmQaNtAOOhfG5ODg,263.0,0.0342,0.451
UC5ASIHF80QdH9e05HFGEH5g,Digital Embedded Systems,,18,8,1208,UU5ASIHF80QdH9e05HFGEH5g,151.0,0.0373,0.442
UCJmVoY3Xht03s8tFuWsPSRw,Embedded Systems,,61,14,7319,UUJmVoY3Xht03s8tFuWsPSRw,682.9,0.0116,0.419
UC9dFXeAaT-Pmt77ZHvUvrkw,DAVE Embedded Systems,"DAVE Embedded Systems' official video tube. Tutorials, application demos and more are here published for support customers with technical information about products and services in the embedded world market",262,175,44057,UU9dFXeAaT-Pmt77ZHvUvrkw,45.4,0.0264,0.413
UCkuoSNUAOrUcmXwB-jn0Lhw,LCR Embedded Systems,"LCR Embedded Systems designs, develops, and manufactures enclosures, backplanes, and fully integrated systems for the aerospace and defense, commercial, rail, and industrial markets. Whether you have a rough back-of-the-envelope design idea and seek collaborative development with our engineering team, or a complete, formalized set of build specifications, LCR Embedded Systems will turn your product into reality.",12,1,800,UUkuoSNUAOrUcmXwB-jn0Lhw,800.0,0.0075,0.401
UC71vWNEgt6y1E9BpDBFqKxw,Embedded Systems Complete Tutorial,"Welcome to my Channel focused below topics:
üîπ Embedded C Tutorials : Learn to program microcontrollers and embedded systems with step-by-step guides.  
üîπ Yocto Project Insights : Master building custom Linux distributions for embedded devices.  
üîπ Git Tips and Tricks : Version control made easy with real-world examples and best practices.  
üîπ OpenCV in Action : Explore computer vision techniques and image processing projects.  
üîπ Python Programming: Simplified coding tutorials and automation techniques.  
üîπ Data Structures in C: Strengthen your fundamentals with practical examples and problem-solving.

Join us to gain hands-on knowledge, solve programming challenges, and grow your expertise in the tech world. Don't forget to subscribe and hit the bell icon üîî to stay updated with the latest content! 
",109,53,5838,UU71vWNEgt6y1E9BpDBFqKxw,292.9,0.0229,0.4
UCky-elRIu-ueh5RV3xmPeqw,ITTIA,"ITTIA's next generation embedded database technology, ITTIA DB SQL, delivers capabilities culminated from decades of database evolution in a compact, self-managing package for MPUs. It is used in applications such as medical devices, industrial automation, portable data terminals, consumer electronics, network appliances, and automotive systems. It has enabled manufacturers to leverage enterprise data management features on embedded systems and IoT edge devices across product lines with desired operating systems and hardware.

ITTIA DB IoT for MCUs is a time series embedded database for data processing and data management on devices running real time operating systems (RTOS). This database technology is suitable for device applications that require fast response to process data, such as events and alarms, that both push and pull updates. ITTIA DB IoT offers developers to benefit from their existing database familiarity with traditional database systems.
",308,35,114880,UUky-elRIu-ueh5RV3xmPeqw,323.9,0.0099,0.382
UCEaR2fJFzs6UFiRV-DX359g,EmbeddedSlamAcademy,,259,22,17032,UUEaR2fJFzs6UFiRV-DX359g,335.8,0.0113,0.377
UCiQMeiFnKfmfN_aO6UjSrvA,embedded systems laboratory,,17,10,430,UUiQMeiFnKfmfN_aO6UjSrvA,43.0,0.0349,0.375
UC1v7jl5gtYodbA0ZKufErdQ,Embedded systems,,2,2,323,UU1v7jl5gtYodbA0ZKufErdQ,161.5,0.031,0.375
UCY0bMfrRsl1bRAIxZLiKG0g,Embedded Systems Lab EPFL (ESL),,267,76,50838,UUY0bMfrRsl1bRAIxZLiKG0g,107.4,0.0186,0.363
UCyD-rYYjJNqc3nRv3LqHw0Q,Embedded Systems Explained!,,9,3,366,UUyD-rYYjJNqc3nRv3LqHw0Q,122.33,0.03,0.353
UCbtyN4k1bhd84cjMajLezAw,Embedded System,,2,3,222,UUbtyN4k1bhd84cjMajLezAw,74.0,0.0315,0.346
UCziVNwpREsS8u8ewjKIhdHw,Learning Embedded Systems,"Hi folks in this channel you'll get a lot of knowledge about embedded system. in this channel you will able to see a lot of typical projects , sensors and so on .you'll learn the basics of the embedded system 
so this is my GitHub website their you will find all source code and MCAL you can use this GitHub account as a reference to you .

",208,33,21352,UUziVNwpREsS8u8ewjKIhdHw,211.3,0.0128,0.316
UCwQypYs9Ff8yusVgSueEEHg,embedded systems,,0,1,34,UUwQypYs9Ff8yusVgSueEEHg,34.0,0.0294,0.308
UCt13etO-Kse-WwpHTR6m0ow,Learn Embedded Systems ,"Welcome to Learn Embedded Systems! üöÄ

Want to master embedded systems design and programming? You're in the right place! This channel is dedicated to helping beginners and experienced engineers alike dive deep into the world of Microcontrollers, firmware development, Real Time Operating Systems (RTOS), IoT, and embedded C/C++ programming.

üîπ Hands-on tutorials
üîπ Project-based learning
üîπ Practical examples with real hardware
üîπ Debugging and optimization techniques

Whether you're a student, hobbyist, or professional, Learn Embedded Systems will help you build a strong foundation and take your skills to the next level. Subscribe now and start coding! üîß‚ö°",9,5,824,UUt13etO-Kse-WwpHTR6m0ow,164.8,0.0231,0.301
UCi_UalJuHc_M2RBAnW8_svQ,UM Embedded Systems Course Projects,,33,14,5366,UUi_UalJuHc_M2RBAnW8_svQ,520.3,0.0075,0.3
UCo9NhhObqK8pUVYo8yDSFCQ,Embedded Systems (15EC62T),,26,6,1354,UUo9NhhObqK8pUVYo8yDSFCQ,225.67,0.0185,0.288
UCycDdceIDdK2rG12IHJ3lpg,Mastering Embedded Systems,This is the YouTube channel of the Mastering Embedded Systems podcast (see http://embeddedsucces.com).,24,5,1534,UUycDdceIDdK2rG12IHJ3lpg,306.8,0.0137,0.272
UCPhXlmpMaQOelQS5U71xg0Q,Embedded Systems - Instituto de Telecomunica√ß√µes,,8,5,123,UUPhXlmpMaQOelQS5U71xg0Q,24.6,0.0244,0.258
UCUBSWfHgAKz4W6jssI4qLgg,Autonomous Embedded Systems Course at Coburg University,"These are videos for my course ""Autonomous Embedded Systems"" at Coburg University.",11,1,167,UUUBSWfHgAKz4W6jssI4qLgg,167.0,0.018,0.252
UCQLVtqfXoBa_-GKhuTUE3ig,Embedded Systems,,9,2,505,UUQLVtqfXoBa_-GKhuTUE3ig,252.5,0.0139,0.244
UCiJseGkNKN8mxD_oW6uzEEw,Embedded Systems,,2,2,516,UUiJseGkNKN8mxD_oW6uzEEw,258.0,0.0136,0.24
UCmW2V7EkEVTP_ASI0ivhqxg,Intelligent & Embedded Systems Group - PSUT,,5,8,294,UUmW2V7EkEVTP_ASI0ivhqxg,36.75,0.0204,0.221
UCgPn22dVkBXo20MGNo39jQw,Embedded Systems Micro Tutorials,,3,14,5777,UUgPn22dVkBXo20MGNo39jQw,501.1,0.0,0.202
UCRKXMALYTaxlUThUqA6S9iQ,DIY Embedded systems,,1,8,1606,UURKXMALYTaxlUThUqA6S9iQ,200.75,0.0106,0.187
UCFwNquH_ohE2SWuy55FsY-A,Embedded Systems,,2,9,171,UUFwNquH_ohE2SWuy55FsY-A,19.0,0.0175,0.184
UCc2_xy1KSRv7HpK6ky7i_5w,EMBEDDED SYSTEMS,KTU s6 embedded systems classes,2,4,273,UUc2_xy1KSRv7HpK6ky7i_5w,68.25,0.0147,0.175
UCRfpqDlH4tYcI9kxC7G2Q3A,E3 Embedded Systems,PIEP and Sumo Bot Related Videos...,14,11,2204,UURfpqDlH4tYcI9kxC7G2Q3A,202.5,0.0074,0.162
UCGi-kb7rBtwgKAtuN5oSvqA,Embedded Systems,,2,2,195,UUGi-kb7rBtwgKAtuN5oSvqA,97.5,0.0103,0.143
UCyz6wA-VJVeaTo70YnZaIXw,Embedded Systems PICkit3,"This channel contains video material related to the introductory undergraduate course 'Embedded Systems' as taught at the Computer Engineering department of Inholland University of Applied Science at Alkmaar, the Netherlands. For course material, students use the PICkit3 LPC Starter Kit, featuring the PIC16F1829. All course assignments need to be implemented on and demonstrated with the starter kit.",13,13,4511,UUyz6wA-VJVeaTo70YnZaIXw,274.7,0.0015,0.131
UCk2bYB2AMd8eTZ68zWWazZQ,Embedded Systems,,1,7,83,UUk2bYB2AMd8eTZ68zWWazZQ,11.86,0.012,0.126
UCZocEDVRvXdGEywEEwJubUw,Embedded Systems Solutions PVT LTD ESS,,7,5,1019,UUZocEDVRvXdGEywEEwJubUw,203.8,0.0029,0.114
UCsywl6h60j9lC4uTWZsO7Yw,Embedded systems,,1,1,210,UUsywl6h60j9lC4uTWZsO7Yw,210.0,0.0,0.085
UCKvbispZI5_ot7tOD1_LbKA,HCC Embedded,"For more than a decade HCC has been entirely focused on developing re-usable embedded software components for Flash, File Systems and Communications. Many of the leading RTOS vendors in the industry re-sell HCC software under their own brand, giving engineers access to excellent middleware regardless of the RTOS or processor they use. As a consequence, HCC is now one of the leading experts in deployment of platform software independently of the processor, software, peripherals or tools used in the project.",14,10,892,UUKvbispZI5_ot7tOD1_LbKA,89.2,0.0034,0.076
UClNM9BxRKLg-sptfwfCF-1w,funorbtv,Network Views:,10,30,974,UUlNM9BxRKLg-sptfwfCF-1w,64.5,0.0031,0.062
UCkDUg84CpDrwN1uqZvX0VOg,EOS - Embedded Systems and Operating Systems [Magdeburg],,4,4,384,UUkDUg84CpDrwN1uqZvX0VOg,96.0,0.0,0.04
UCxMxwgInYd5dQVa7vfvp5vA,Embedded Systems,,34,0,0,UUxMxwgInYd5dQVa7vfvp5vA,0.0,0.0,0.017
UCmcJsN5P3uE_DDJtR6dZ3Cw,Embedded Systems,,0,3,52,UUmcJsN5P3uE_DDJtR6dZ3Cw,17.33,0.0,0.007
UCC3WbDz5CmCHkOa4vyvEThA,Smartembedded System,,0,13,193,UUC3WbDz5CmCHkOa4vyvEThA,13.1,0.0,0.005
UCScb6SlIRkRRJAx-AS9Ecqw,embedded systems,,0,2,18,UUScb6SlIRkRRJAx-AS9Ecqw,9.0,0.0,0.004
UC9amsiZT4sOj33sN4id7Hyg,SysMotiv | Embedded System Engineering,"Welcome to SysMotiv ‚Äì Your Drive into Embedded Systems,

At SysMotiv, we dive deep into the world of Embedded Systems ‚Äì from Microcontroller basics, embedded software design and system architecture, hardware I/O, Peripherals, Communication protocols, to Automotive systems and software. Whether you're a student, engineer, or embedded system enthusiast, our content breaks down complex systems into clear, engaging explanations using real-world footage, animations, and hands-on demos.

Subscribe to stay motivated and informed on Embedded Systems and how today‚Äôs vehicles think, communicate, and evolve.

Topics we cover:

Basics of Microcontrollers & Achitecture

Embedded System Design & Testing

Hardware I/O & Peripherals

Communication Protocols

CAN Protocol & Diagnostics (UDS, OBD, DTCs)

Automotive Software Development (ASPICE, AUTOSAR, ISO 26262)

Sensors, Actuators & Control Systems

Stay curious. Stay driven. Stay motivated with SysMotiv.",0,2,15,UU9amsiZT4sOj33sN4id7Hyg,7.5,0.0,0.003
UC1Q98MqCO7ViMIbNOcE1hoQ,Embedded Systems,,0,1,7,UU1Q98MqCO7ViMIbNOcE1hoQ,7.0,0.0,0.003
UCZex_l_9480aMNU60YrpUEg,Embedded Systems,,1,3,11,UUZex_l_9480aMNU60YrpUEg,3.67,0.0,0.002
UCRM-j2os6-6o85ztWwMbVSw,Embedded Systems Lab,"EmbeddedSystemsLab is your hands-on guide to learning embedded development.
From microcontroller programming to real-time systems, communication protocols, and debugging...
This channel helps you build real skills with real hardware.

üîß Learn. Build. Debug.
üîî Subscribe for weekly tutorials!
",0,1,3,UURM-j2os6-6o85ztWwMbVSw,3.0,0.0,0.001
